time_us,voltage_mV
0,0
0.01,7.88690427088
0.02,15.7010495842
0.03,23.445650662
0.04,31.1208953914
0.05,38.7270722825
0.06,46.2645928906
0.07,53.7339063596
0.08,61.135469258
0.09,68.4697377218
0.1,75.7371656511
0.11,82.9382043318
0.12,90.0733023696
0.13,97.1429056884
0.14,104.147457542
0.15,111.087398529
0.16,117.963166608
0.17,124.775197109
0.18,131.523922753
0.19,138.209773664
0.2,144.833177384
0.21,151.394558886
0.22,157.894340593
0.23,164.332942386
0.24,170.710781622
0.25,177.028273151
0.26,183.285829322
0.27,189.483860004
0.28,195.6227726
0.29,201.702972054
0.3,207.724860874
0.31,213.688839138
0.32,219.595304513
0.33,225.444652265
0.34,231.237275274
0.35,236.973564049
0.36,242.653906738
0.37,248.278689145
0.38,253.848294738
0.39,259.363104669
0.4,264.823497782
0.41,270.229850628
0.42,275.582537476
0.43,280.88193033
0.44,286.128398936
0.45,291.322310802
0.46,296.464031202
0.47,301.553923196
0.48,306.59234764
0.49,311.579663196
0.5,316.516226348
0.51,321.402391412
0.52,326.238510552
0.53,331.024933784
0.54,335.762008999
0.55,340.450081966
0.56,345.089496348
0.57,349.680593715
0.58,354.223713552
0.59,358.719193276
0.6,363.167368241
0.61,367.568571758
0.62,371.923135098
0.63,376.23138751
0.64,380.49365623
0.65,384.710266492
0.66,388.881541541
0.67,393.00780264
0.68,397.089369089
0.69,401.126558229
0.7,405.119685456
0.71,409.069064233
0.72,412.975006098
0.73,416.837820677
0.74,420.657815697
0.75,424.435296993
0.76,428.170568518
0.77,431.863932359
0.78,435.515688744
0.79,439.126136052
0.8,442.695570826
0.81,446.22428778
0.82,449.712579814
0.83,453.160738022
0.84,456.569051699
0.85,459.937808357
0.86,463.267293734
0.87,466.557791799
0.88,469.809584769
0.89,473.022953114
0.9,476.19817557
0.91,479.335529147
0.92,482.435289141
0.93,485.49772914
0.94,488.523121039
0.95,491.511735044
0.96,494.463839686
0.97,497.379701831
0.98,500.259586683
0.99,503.103757804
1,505.912477112
1.01,508.6860049
1.02,511.424599839
1.03,514.12851899
1.04,516.798017815
1.05,519.43335018
1.06,522.034768372
1.07,524.602523103
1.08,527.136863519
1.09,529.638037211
1.1,532.106290223
1.11,534.541867063
1.12,536.945010708
1.13,539.315962614
1.14,541.654962727
1.15,543.96224949
1.16,546.238059851
1.17,548.482629273
1.18,550.696191742
1.19,552.878979775
1.2,555.031224429
1.21,557.153155309
1.22,559.245000578
1.23,561.306986964
1.24,563.339339765
1.25,565.342282864
1.26,567.316038733
1.27,569.260828441
1.28,571.176871664
1.29,573.06438669
1.3,574.923590431
1.31,576.754698429
1.32,578.557924862
1.33,580.333482556
1.34,582.081582988
1.35,583.802436299
1.36,585.496251298
1.37,587.163235469
1.38,588.803594984
1.39,590.417534705
1.4,592.005258194
1.41,593.566967719
1.42,595.102864266
1.43,596.613147539
1.44,598.098015974
1.45,599.557666745
1.46,600.992295767
1.47,602.40209771
1.48,603.787266
1.49,605.147992831
1.5,606.484469169
1.51,607.796884761
1.52,609.085428141
1.53,610.350286638
1.54,611.591646382
1.55,612.809692311
1.56,614.00460818
1.57,615.176576565
1.58,616.325778871
1.59,617.45239534
1.6,618.556605056
1.61,619.638585953
1.62,620.698514822
1.63,621.736567314
1.64,622.752917952
1.65,623.747740135
1.66,624.721206145
1.67,625.673487151
1.68,626.60475322
1.69,627.515173321
1.7,628.404915331
1.71,629.274146041
1.72,630.123031165
1.73,630.951735345
1.74,631.760422155
1.75,632.54925411
1.76,633.318392672
1.77,634.067998255
1.78,634.798230231
1.79,635.50924694
1.8,636.201205688
1.81,636.874262762
1.82,637.52857343
1.83,638.164291949
1.84,638.781571571
1.85,639.38056455
1.86,639.961422144
1.87,640.524294626
1.88,641.069331287
1.89,641.59668044
1.9,642.106489429
1.91,642.598904635
1.92,643.074071479
1.93,643.532134427
1.94,643.973237001
1.95,644.397521778
1.96,644.8051304
1.97,645.196203579
1.98,645.570881101
1.99,645.92930183
2,646.271603718
2.01,646.597923807
2.02,646.908398237
2.03,647.203162247
2.04,647.482350184
2.05,647.746095508
2.06,647.994530796
2.07,648.227787748
2.08,648.44599719
2.09,648.649289085
2.1,648.83779253
2.11,649.011635769
2.12,649.170946191
2.13,649.315850342
2.14,649.446473924
2.15,649.562941803
2.16,649.665378014
2.17,649.753905766
2.18,649.828647444
2.19,649.889724619
2.2,649.937258048
2.21,649.971367682
2.22,649.992172669
2.23,649.999791361
2.24,649.994341316
2.25,649.975939304
2.26,649.944701312
2.27,649.900742547
2.28,649.844177445
2.29,649.775119671
2.3,649.693682123
2.31,649.599976942
2.32,649.494115513
2.33,649.376208467
2.34,649.246365693
2.35,649.104696332
2.36,648.951308793
2.37,648.786310748
2.38,648.609809141
2.39,648.421910192
2.4,648.222719399
2.41,648.012341547
2.42,647.790880707
2.43,647.558440244
2.44,647.315122818
2.45,647.061030392
2.46,646.796264234
2.47,646.520924922
2.48,646.235112345
2.49,645.938925713
2.5,645.632463556
2.51,645.315823731
2.52,644.989103424
2.53,644.652399156
2.54,644.305806786
2.55,643.949421513
2.56,643.583337886
2.57,643.207649801
2.58,642.822450508
2.59,642.427832616
2.6,642.023888095
2.61,641.610708281
2.62,641.188383879
2.63,640.757004967
2.64,640.316661001
2.65,639.867440816
2.66,639.409432633
2.67,638.942724062
2.68,638.467402102
2.69,637.98355315
2.7,637.491263003
2.71,636.990616858
2.72,636.481699321
2.73,635.964594408
2.74,635.439385547
2.75,634.906155586
2.76,634.364986791
2.77,633.815960855
2.78,633.259158898
2.79,632.69466147
2.8,632.122548558
2.81,631.542899585
2.82,630.955793419
2.83,630.36130837
2.84,629.759522197
2.85,629.150512114
2.86,628.534354785
2.87,627.911126338
2.88,627.280902359
2.89,626.6437579
2.9,625.999767483
2.91,625.3490051
2.92,624.691544218
2.93,624.027457784
2.94,623.356818225
2.95,622.679697451
2.96,621.996166863
2.97,621.30629735
2.98,620.610159296
2.99,619.907822583
3,619.199356593
3.01,618.484830208
3.02,617.764311822
3.03,617.037869332
3.04,616.305570153
3.05,615.567481213
3.06,614.823668956
3.07,614.074199352
3.08,613.319137892
3.09,612.558549595
3.1,611.79249901
3.11,611.02105022
3.12,610.244266842
3.13,609.462212035
3.14,608.674948496
3.15,607.882538469
3.16,607.085043744
3.17,606.282525661
3.18,605.475045114
3.19,604.662662553
3.2,603.845437985
3.21,603.023430978
3.22,602.196700665
3.23,601.365305746
3.24,600.529304489
3.25,599.688754734
3.26,598.843713897
3.27,597.99423897
3.28,597.140386526
3.29,596.282212719
3.3,595.41977329
3.31,594.553123567
3.32,593.682318467
3.33,592.807412502
3.34,591.928459779
3.35,591.045514001
3.36,590.158628473
3.37,589.267856104
3.38,588.373249406
3.39,587.474860501
3.4,586.57274112
3.41,585.666942608
3.42,584.757515924
3.43,583.844511646
3.44,582.92797997
3.45,582.007970718
3.46,581.084533333
3.47,580.157716887
3.48,579.227570082
3.49,578.294141251
3.5,577.357478361
3.51,576.417629016
3.52,575.474640459
3.53,574.528559573
3.54,573.579432887
3.55,572.627306571
3.56,571.672226448
3.57,570.714237987
3.58,569.753386311
3.59,568.789716198
3.6,567.823272081
3.61,566.854098053
3.62,565.882237869
3.63,564.907734944
3.64,563.930632362
3.65,562.950972871
3.66,561.968798891
3.67,560.984152512
3.68,559.9970755
3.69,559.007609295
3.7,558.015795013
3.71,557.021673455
3.72,556.025285099
3.73,555.02667011
3.74,554.025868337
3.75,553.022919319
3.76,552.017862284
3.77,551.010736151
3.78,550.001579535
3.79,548.990430745
3.8,547.97732779
3.81,546.962308376
3.82,545.945409913
3.83,544.926669513
3.84,543.906123997
3.85,542.883809888
3.86,541.859763422
3.87,540.834020547
3.88,539.80661692
3.89,538.777587917
3.9,537.746968628
3.91,536.714793864
3.92,535.681098153
3.93,534.645915749
3.94,533.609280627
3.95,532.57122649
3.96,531.531786766
3.97,530.490994614
3.98,529.448882925
3.99,528.405484321
4,527.360831158
4.01,526.314955531
4.02,525.26788927
4.03,524.219663947
4.04,523.170310874
4.05,522.119861106
4.06,521.068345443
4.07,520.015794432
4.08,518.962238367
4.09,517.907707293
4.1,516.852231005
4.11,515.795839051
4.12,514.738560734
4.13,513.680425113
4.14,512.621461006
4.15,511.561696988
4.16,510.501161396
4.17,509.43988233
4.18,508.377887654
4.19,507.315204996
4.2,506.251861753
4.21,505.18788509
4.22,504.123301942
4.23,503.058139016
4.24,501.992422792
4.25,500.926179523
4.26,499.859435242
4.27,498.792215757
4.28,497.724546655
4.29,496.656453305
4.3,495.587960857
4.31,494.519094244
4.32,493.449878185
4.33,492.380337185
4.34,491.310495536
4.35,490.240377322
4.36,489.170006413
4.37,488.099406474
4.38,487.028600964
4.39,485.957613134
4.4,484.886466033
4.41,483.815182506
4.42,482.743785199
4.43,481.672296557
4.44,480.600738825
4.45,479.529134053
4.46,478.457504093
4.47,477.385870606
4.48,476.314255055
4.49,475.242678715
4.5,474.171162668
4.51,473.099727807
4.52,472.028394838
4.53,470.957184279
4.54,469.886116462
4.55,468.815211536
4.56,467.744489467
4.57,466.673970037
4.58,465.603672849
4.59,464.533617326
4.6,463.463822714
4.61,462.39430808
4.62,461.325092317
4.63,460.256194142
4.64,459.1876321
4.65,458.119424561
4.66,457.051589728
4.67,455.984145631
4.68,454.917110132
4.69,453.850500925
4.7,452.784335538
4.71,451.718631335
4.72,450.653405513
4.73,449.588675108
4.74,448.524456993
4.75,447.460767881
4.76,446.397624324
4.77,445.335042716
4.78,444.273039294
4.79,443.211630138
4.8,442.150831173
4.81,441.090658168
4.82,440.03112674
4.83,438.972252354
4.84,437.914050324
4.85,436.856535812
4.86,435.799723833
4.87,434.743629254
4.88,433.688266792
4.89,432.633651021
4.9,431.579796369
4.91,430.526717121
4.92,429.474427416
4.93,428.422941254
4.94,427.372272493
4.95,426.32243485
4.96,425.273441905
4.97,424.225307098
4.98,423.178043732
4.99,422.131664975
5,421.08618386
5.01,420.041613282
5.02,418.997966008
5.03,417.955254669
5.04,416.913491766
5.05,415.872689669
5.06,414.832860617
5.07,413.794016723
5.08,412.756169971
5.09,411.719332217
5.1,410.683515193
5.11,409.648730503
5.12,408.61498963
5.13,407.582303931
5.14,406.550684643
5.15,405.520142878
5.16,404.490689631
5.17,403.462335775
5.18,402.435092063
5.19,401.408969133
5.2,400.383977502
5.21,399.360127573
5.22,398.337429632
5.23,397.315893852
5.24,396.295530289
5.25,395.276348887
5.26,394.25835948
5.27,393.241571786
5.28,392.225995416
5.29,391.211639869
5.3,390.198514536
5.31,389.186628698
5.32,388.175991529
5.33,387.166612097
5.34,386.158499363
5.35,385.151662183
5.36,384.146109308
5.37,383.141849386
5.38,382.138890962
5.39,381.137242476
5.4,380.136912271
5.41,379.137908586
5.42,378.14023956
5.43,377.143913234
5.44,376.14893755
5.45,375.155320351
5.46,374.163069384
5.47,373.172192299
5.48,372.182696651
5.49,371.194589899
5.5,370.207879407
5.51,369.222572448
5.52,368.238676199
5.53,367.256197746
5.54,366.275144084
5.55,365.295522116
5.56,364.317338656
5.57,363.340600426
5.58,362.365314062
5.59,361.39148611
5.6,360.419123028
5.61,359.44823119
5.62,358.478816879
5.63,357.510886297
5.64,356.544445557
5.65,355.579500691
5.66,354.616057645
5.67,353.654122282
5.68,352.693700384
5.69,351.73479765
5.7,350.777419698
5.71,349.821572066
5.72,348.867260209
5.73,347.914489507
5.74,346.963265259
5.75,346.013592684
5.76,345.065476927
5.77,344.118923053
5.78,343.173936052
5.79,342.230520837
5.8,341.288682248
5.81,340.348425047
5.82,339.409753925
5.83,338.472673497
5.84,337.537188307
5.85,336.603302824
5.86,335.671021448
5.87,334.740348505
5.88,333.811288252
5.89,332.883844876
5.9,331.958022492
5.91,331.033825148
5.92,330.111256823
5.93,329.190321428
5.94,328.271022804
5.95,327.353364729
5.96,326.437350912
5.97,325.522984996
5.98,324.610270559
5.99,323.699211114
6,322.78981011
6.01,321.882070931
6.02,320.975996898
6.03,320.07159127
6.04,319.168857242
6.05,318.267797948
6.06,317.368416461
6.07,316.470715791
6.08,315.574698889
6.09,314.680368647
6.1,313.787727895
6.11,312.896779406
6.12,312.007525893
6.13,311.119970012
6.14,310.23411436
6.15,309.349961479
6.16,308.467513851
6.17,307.586773905
6.18,306.707744012
6.19,305.830426489
6.2,304.954823597
6.21,304.080937543
6.22,303.20877048
6.23,302.338324508
6.24,301.469601672
6.25,300.602603966
6.26,299.737333332
6.27,298.873791658
6.28,298.011980782
6.29,297.151902491
6.3,296.293558522
6.31,295.43695056
6.32,294.582080241
6.33,293.728949153
6.34,292.877558833
6.35,292.027910771
6.36,291.180006408
6.37,290.333847138
6.38,289.489434306
6.39,288.646769212
6.4,287.805853108
6.41,286.966687201
6.42,286.129272652
6.43,285.293610576
6.44,284.459702044
6.45,283.62754808
6.46,282.797149667
6.47,281.968507742
6.48,281.141623199
6.49,280.316496889
6.5,279.49312962
6.51,278.671522158
6.52,277.851675226
6.53,277.033589508
6.54,276.217265643
6.55,275.402704231
6.56,274.589905832
6.57,273.778870964
6.58,272.969600106
6.59,272.162093699
6.6,271.356352141
6.61,270.552375795
6.62,269.750164984
6.63,268.949719991
6.64,268.151041065
6.65,267.354128413
6.66,266.558982209
6.67,265.765602587
6.68,264.973989646
6.69,264.184143449
6.7,263.396064021
6.71,262.609751355
6.72,261.825205405
6.73,261.042426093
6.74,260.261413305
6.75,259.482166892
6.76,258.704686673
6.77,257.928972431
6.78,257.155023918
6.79,256.38284085
6.8,255.612422913
6.81,254.84376976
6.82,254.076881009
6.83,253.31175625
6.84,252.548395039
6.85,251.786796902
6.86,251.026961333
6.87,250.268887796
6.88,249.512575722
6.89,248.758024517
6.9,248.005233552
6.91,247.254202171
6.92,246.504929689
6.93,245.75741539
6.94,245.01165853
6.95,244.267658338
6.96,243.525414012
6.97,242.784924725
6.98,242.046189621
6.99,241.309207815
7,240.573978397
7.01,239.840500429
7.02,239.108772947
7.03,238.378794961
7.04,237.650565452
7.05,236.924083379
7.06,236.199347673
7.07,235.47635724
7.08,234.755110961
7.09,234.035607693
7.1,233.317846266
7.11,232.601825489
7.12,231.887544143
7.13,231.175000987
7.14,230.464194758
7.15,229.755124167
7.16,229.047787902
7.17,228.342184629
7.18,227.638312992
7.19,226.936171609
7.2,226.235759081
7.21,225.537073981
7.22,224.840114866
7.23,224.144880267
7.24,223.451368695
7.25,222.75957864
7.26,222.069508572
7.27,221.381156939
7.28,220.694522168
7.29,220.009602668
7.3,219.326396824
7.31,218.644903006
7.32,217.965119561
7.33,217.287044816
7.34,216.610677082
7.35,215.936014649
7.36,215.263055787
7.37,214.591798749
7.38,213.92224177
7.39,213.254383065
7.4,212.588220832
7.41,211.923753251
7.42,211.260978485
7.43,210.599894678
7.44,209.940499959
7.45,209.282792437
7.46,208.626770207
7.47,207.972431345
7.48,207.319773913
7.49,206.668795954
7.5,206.019495496
7.51,205.371870551
7.52,204.725919116
7.53,204.081639172
7.54,203.439028684
7.55,202.798085602
7.56,202.158807861
7.57,201.521193381
7.58,200.885240069
7.59,200.250945814
7.6,199.618308494
7.61,198.98732597
7.62,198.357996092
7.63,197.730316694
7.64,197.104285597
7.65,196.479900608
7.66,195.857159521
7.67,195.236060117
7.68,194.616600164
7.69,193.998777417
7.7,193.382589618
7.71,192.768034497
7.72,192.15510977
7.73,191.543813144
7.74,190.934142311
7.75,190.326094952
7.76,189.719668737
7.77,189.114861323
7.78,188.511670356
7.79,187.910093472
7.8,187.310128294
7.81,186.711772434
7.82,186.115023495
7.83,185.519879067
7.84,184.926336732
7.85,184.334394059
7.86,183.744048608
7.87,183.155297928
7.88,182.56813956
7.89,181.982571032
7.9,181.398589865
7.91,180.816193569
7.92,180.235379645
7.93,179.656145585
7.94,179.07848887
7.95,178.502406974
7.96,177.927897361
7.97,177.354957487
7.98,176.783584799
7.99,176.213776734
8,175.645530723
8.01,175.078844188
8.02,174.51371454
8.03,173.950139186
8.04,173.388115524
8.05,172.827640942
8.06,172.268712822
8.07,171.71132854
8.08,171.155485461
8.09,170.601180946
8.1,170.048412346
8.11,169.497177007
8.12,168.947472268
8.13,168.399295459
8.14,167.852643906
8.15,167.307514926
8.16,166.763905831
8.17,166.221813927
8.18,165.681236511
8.19,165.142170878
8.2,164.604614313
8.21,164.068564098
8.22,163.534017506
8.23,163.000971808
8.24,162.469424266
8.25,161.939372138
8.26,161.410812678
8.27,160.883743131
8.28,160.35816074
8.29,159.834062743
8.3,159.311446369
8.31,158.790308847
8.32,158.270647398
8.33,157.75245924
8.34,157.235741586
8.35,156.720491642
8.36,156.206706614
8.37,155.694383701
8.38,155.183520097
8.39,154.674112993
8.4,154.166159577
8.41,153.659657032
8.42,153.154602536
8.43,152.650993265
8.44,152.148826391
8.45,151.648099081
8.46,151.1488085
8.47,150.650951809
8.48,150.154526166
8.49,149.659528725
8.5,149.165956638
8.51,148.673807052
8.52,148.183077113
8.53,147.693763964
8.54,147.205864744
8.55,146.71937659
8.56,146.234296635
8.57,145.750622011
8.58,145.268349848
8.59,144.787477272
8.6,144.308001406
8.61,143.829919374
8.62,143.353228295
8.63,142.877925286
8.64,142.404007464
8.65,141.931471941
8.66,141.46031583
8.67,140.990536241
8.68,140.522130282
8.69,140.05509506
8.7,139.589427679
8.71,139.125125244
8.72,138.662184855
8.73,138.200603615
8.74,137.740378622
8.75,137.281506974
8.76,136.823985769
8.77,136.367812102
8.78,135.912983068
8.79,135.459495761
8.8,135.007347275
8.81,134.556534701
8.82,134.10705513
8.83,133.658905654
8.84,133.212083362
8.85,132.766585345
8.86,132.32240869
8.87,131.879550488
8.88,131.438007825
8.89,130.997777789
8.9,130.558857469
8.91,130.121243952
8.92,129.684934325
8.93,129.249925674
8.94,128.816215089
8.95,128.383799655
8.96,127.952676459
8.97,127.52284259
8.98,127.094295136
8.99,126.667031183
9,126.24104782
9.01,125.816342137
9.02,125.392911221
9.03,124.970752163
9.04,124.549862053
9.05,124.130237981
9.06,123.711877039
9.07,123.294776319
9.08,122.878932913
9.09,122.464343916
9.1,122.051006421
9.11,121.638917525
9.12,121.228074323
9.13,120.818473913
9.14,120.410113393
9.15,120.002989863
9.16,119.597100423
9.17,119.192442175
9.18,118.789012222
9.19,118.386807669
9.2,117.985825622
9.21,117.586063187
9.22,117.187517473
9.23,116.79018559
9.24,116.394064649
9.25,115.999151765
9.26,115.60544405
9.27,115.212938623
9.28,114.8216326
9.29,114.431523101
9.3,114.042607249
9.31,113.654882166
9.32,113.268344978
9.33,112.882992812
9.34,112.498822797
9.35,112.115832064
9.36,111.734017746
9.37,111.353376979
9.38,110.973906899
9.39,110.595604647
9.4,110.218467363
9.41,109.842492191
9.42,109.467676278
9.43,109.094016771
9.44,108.721510822
9.45,108.350155584
9.46,107.979948211
9.47,107.610885863
9.48,107.242965698
9.49,106.876184881
9.5,106.510540576
9.51,106.146029951
9.52,105.782650177
9.53,105.420398427
9.54,105.059271877
9.55,104.699267706
9.56,104.340383094
9.57,103.982615226
9.58,103.625961289
9.59,103.270418473
9.6,102.91598397
9.61,102.562654975
9.62,102.210428687
9.63,101.859302307
9.64,101.50927304
9.65,101.160338093
9.66,100.812494676
9.67,100.465740003
9.68,100.12007129
9.69,99.7754857572
9.7,99.4319806273
9.71,99.0895531263
9.72,98.7482004833
9.73,98.4079199309
9.74,98.0687087047
9.75,97.7305640438
9.76,97.3934831906
9.77,97.0574633905
9.78,96.7225018928
9.79,96.3885959498
9.8,96.0557428173
9.81,95.7239397547
9.82,95.3931840246
9.83,95.0634728933
9.84,94.7348036305
9.85,94.4071735095
9.86,94.0805798071
9.87,93.7550198037
9.88,93.4304907833
9.89,93.1069900336
9.9,92.7845148458
9.91,92.4630625149
9.92,92.1426303394
9.93,91.8232156218
9.94,91.5048156681
9.95,91.1874277882
9.96,90.8710492956
9.97,90.5556775077
9.98,90.2413097458
9.99,89.9279433348
10,89.6155756037
10.01,89.3042038851
10.02,88.9938255158
10.03,88.6844378363
10.04,88.3760381911
10.05,88.0686239285
10.06,87.762192401
10.07,87.4567409649
10.08,87.1522669805
10.09,86.8487678123
10.1,86.5462408286
10.11,86.2446834019
10.12,85.9440929087
10.13,85.6444667295
10.14,85.3458022491
10.15,85.0480968562
10.16,84.7513479438
10.17,84.4555529089
10.18,84.1607091527
10.19,83.8668140806
10.2,83.5738651023
10.21,83.2818596314
10.22,82.9907950861
10.23,82.7006688884
10.24,82.4114784649
10.25,82.1232212463
10.26,81.8358946675
10.27,81.549496168
10.28,81.2640231911
10.29,80.9794731849
10.3,80.6958436015
10.31,80.4131318974
10.32,80.1313355336
10.33,79.8504519753
10.34,79.570478692
10.35,79.2914131578
10.36,79.0132528511
10.37,78.7359952547
10.38,78.4596378558
10.39,78.1841781459
10.4,77.9096136212
10.41,77.6359417822
10.42,77.3631601338
10.43,77.0912661856
10.44,76.8202574513
10.45,76.5501314495
10.46,76.280885703
10.47,76.0125177392
10.48,75.7450250901
10.49,75.4784052921
10.5,75.2126558862
10.51,74.9477744179
10.52,74.6837584373
10.53,74.4206054991
10.54,74.1583131623
10.55,73.8968789909
10.56,73.6363005531
10.57,73.3765754219
10.58,73.117701175
10.59,72.8596753943
10.6,72.6024956667
10.61,72.3461595836
10.62,72.090664741
10.63,71.8360087396
10.64,71.5821891846
10.65,71.329203686
10.66,71.0770498583
10.67,70.8257253209
10.68,70.5752276976
10.69,70.325554617
10.7,70.0767037125
10.71,69.8286726218
10.72,69.5814589878
10.73,69.3350604576
10.74,69.0894746834
10.75,68.8446993219
10.76,68.6007320345
10.77,68.3575704873
10.78,68.1152123513
10.79,67.873655302
10.8,67.6328970197
10.81,67.3929351896
10.82,67.1537675013
10.83,66.9153916495
10.84,66.6778053334
10.85,66.4410062569
10.86,66.204992129
10.87,65.969760663
10.88,65.7353095772
10.89,65.5016365948
10.9,65.2687394435
10.91,65.0366158558
10.92,64.8052635691
10.93,64.5746803255
10.94,64.3448638719
10.95,64.1158119599
10.96,63.887522346
10.97,63.6599927913
10.98,63.4332210619
10.99,63.2072049286
11,62.9819421669
11.01,62.7574305572
11.02,62.5336678846
11.03,62.310651939
11.04,62.0883805153
11.05,61.8668514129
11.06,61.6460624361
11.07,61.4260113942
11.08,61.2066961009
11.09,60.988114375
11.1,60.77026404
11.11,60.5531429243
11.12,60.3367488609
11.13,60.1210796878
11.14,59.9061332477
11.15,59.6919073881
11.16,59.4783999614
11.17,59.2656088246
11.18,59.0535318398
11.19,58.8421668735
11.2,58.6315117974
11.21,58.4215644879
11.22,58.2123228259
11.23,58.0037846975
11.24,57.7959479935
11.25,57.5888106092
11.26,57.3823704452
11.27,57.1766254065
11.28,56.971573403
11.29,56.7672123495
11.3,56.5635401655
11.31,56.3605547753
11.32,56.158254108
11.33,55.9566360975
11.34,55.7556986825
11.35,55.5554398065
11.36,55.3558574178
11.37,55.1569494693
11.38,54.958713919
11.39,54.7611487293
11.4,54.5642518679
11.41,54.3680213067
11.42,54.1724550227
11.43,53.9775509977
11.44,53.7833072182
11.45,53.5897216753
11.46,53.3967923652
11.47,53.2045172885
11.48,53.012894451
11.49,52.8219218627
11.5,52.6315975389
11.51,52.4419194994
11.52,52.2528857686
11.53,52.0644943759
11.54,51.8767433554
11.55,51.6896307459
11.56,51.5031545908
11.57,51.3173129385
11.58,51.132103842
11.59,50.947525359
11.6,50.763575552
11.61,50.580252488
11.62,50.3975542391
11.63,50.2154788819
11.64,50.0340244975
11.65,49.8531891722
11.66,49.6729709966
11.67,49.4933680662
11.68,49.314378481
11.69,49.136000346
11.7,48.9582317705
11.71,48.7810708689
11.72,48.6045157599
11.73,48.4285645671
11.74,48.2532154188
11.75,48.0784664479
11.76,47.9043157918
11.77,47.7307615928
11.78,47.5578019977
11.79,47.3854351581
11.8,47.2136592302
11.81,47.0424723746
11.82,46.8718727569
11.83,46.7018585472
11.84,46.53242792
11.85,46.3635790548
11.86,46.1953101354
11.87,46.0276193505
11.88,45.860504893
11.89,45.6939649609
11.9,45.5279977565
11.91,45.3626014866
11.92,45.1977743629
11.93,45.0335146014
11.94,44.8698204228
11.95,44.7066900524
11.96,44.5441217199
11.97,44.3821136599
11.98,44.2206641112
11.99,44.0597713173
12,43.8994335262
12.01,43.7396489906
12.02,43.5804159674
12.03,43.4217327184
12.04,43.2635975097
12.05,43.106008612
12.06,42.9489643004
12.07,42.7924628547
12.08,42.636502559
12.09,42.481081702
12.1,42.3261985768
12.11,42.1718514812
12.12,42.0180387171
12.13,41.8647585913
12.14,41.7120094148
12.15,41.5597895031
12.16,41.408097176
12.17,41.2569307582
12.18,41.1062885783
12.19,40.9561689697
12.2,40.8065702701
12.21,40.6574908216
12.22,40.5089289707
12.23,40.3608830684
12.24,40.21335147
12.25,40.0663325353
12.26,39.9198246284
12.27,39.7738261178
12.28,39.6283353764
12.29,39.4833507815
12.3,39.3388707146
12.31,39.1948935618
12.32,39.0514177134
12.33,38.908441564
12.34,38.7659635126
12.35,38.6239819626
12.36,38.4824953216
12.37,38.3415020016
12.38,38.2010004189
12.39,38.060988994
12.4,37.9214661519
12.41,37.7824303216
12.42,37.6438799367
12.43,37.5058134348
12.44,37.368229258
12.45,37.2311258524
12.46,37.0945016687
12.47,36.9583551614
12.48,36.8226847898
12.49,36.6874890168
12.5,36.5527663101
12.51,36.4185151413
12.52,36.2847339862
12.53,36.1514213249
12.54,36.0185756417
12.55,35.8861954252
12.56,35.7542791679
12.57,35.6228253666
12.58,35.4918325225
12.59,35.3612991405
12.6,35.2312237301
12.61,35.1016048048
12.62,34.972440882
12.63,34.8437304836
12.64,34.7154721354
12.65,34.5876643674
12.66,34.4603057136
12.67,34.3333947124
12.68,34.2069299058
12.69,34.0809098405
12.7,33.9553330666
12.71,33.8301981389
12.72,33.7055036159
12.73,33.5812480603
12.74,33.4574300387
12.75,33.334048122
12.76,33.2111008848
12.77,33.088586906
12.78,32.9665047685
12.79,32.8448530591
12.8,32.7236303686
12.81,32.6028352919
12.82,32.4824664278
12.83,32.3625223792
12.84,32.2430017528
12.85,32.1239031594
12.86,32.0052252138
12.87,31.8869665347
12.88,31.7691257445
12.89,31.65170147
12.9,31.5346923416
12.91,31.4180969938
12.92,31.3019140648
12.93,31.1861421968
12.94,31.0707800361
12.95,30.9558262326
12.96,30.8412794403
12.97,30.7271383169
12.98,30.613401524
12.99,30.5000677273
13,30.387135596
13.01,30.2746038034
13.02,30.1624710265
13.03,30.0507359462
13.04,29.9393972471
13.05,29.8284536179
13.06,29.7179037507
13.07,29.6077463417
13.08,29.4979800908
13.09,29.3886037018
13.1,29.2796158819
13.11,29.1710153425
13.12,29.0628007986
13.13,28.9549709689
13.14,28.8475245758
13.15,28.7404603456
13.16,28.6337770081
13.17,28.5274732972
13.18,28.4215479501
13.19,28.3159997078
13.2,28.2108273153
13.21,28.1060295208
13.22,28.0016050766
13.23,27.8975527385
13.24,27.7938712659
13.25,27.690559422
13.26,27.5876159735
13.27,27.4850396908
13.28,27.3828293481
13.29,27.2809837229
13.3,27.1795015966
13.31,27.078381754
13.32,26.9776229837
13.33,26.8772240777
13.34,26.7771838317
13.35,26.677501045
13.36,26.5781745205
13.37,26.4792030644
13.38,26.3805854867
13.39,26.2823206009
13.4,26.184407224
13.41,26.0868441766
13.42,25.9896302828
13.43,25.8927643701
13.44,25.7962452696
13.45,25.7000718159
13.46,25.604242847
13.47,25.5087572047
13.48,25.4136137338
13.49,25.3188112829
13.5,25.2243487039
13.51,25.1302248523
13.52,25.0364385869
13.53,24.94298877
13.54,24.8498742673
13.55,24.7570939479
13.56,24.6646466844
13.57,24.5725313527
13.58,24.4807468322
13.59,24.3892920056
13.6,24.2981657591
13.61,24.207366982
13.62,24.1168945672
13.63,24.0267474109
13.64,23.9369244128
13.65,23.8474244756
13.66,23.7582465056
13.67,23.6693894123
13.68,23.5808521086
13.69,23.4926335106
13.7,23.4047325379
13.71,23.3171481131
13.72,23.2298791624
13.73,23.142924615
13.74,23.0562834036
13.75,22.9699544639
13.76,22.8839367352
13.77,22.7982291597
13.78,22.7128306831
13.79,22.6277402541
13.8,22.5429568249
13.81,22.4584793506
13.82,22.3743067898
13.83,22.2904381041
13.84,22.2068722583
13.85,22.1236082205
13.86,22.0406449619
13.87,21.9579814569
13.88,21.875616683
13.89,21.793549621
13.9,21.7117792546
13.91,21.6303045709
13.92,21.5491245598
13.93,21.4682382148
13.94,21.387644532
13.95,21.307342511
13.96,21.2273311543
13.97,21.1476094675
13.98,21.0681764594
13.99,20.9890311417
14,20.9101725292
14.01,20.83159964
14.02,20.753311495
14.03,20.6753071181
14.04,20.5975855365
14.05,20.5201457802
14.06,20.4429868823
14.07,20.366107879
14.08,20.2895078093
14.09,20.2131857154
14.1,20.1371406424
14.11,20.0613716384
14.12,19.9858777544
14.13,19.9106580445
14.14,19.8357115657
14.15,19.761037378
14.16,19.6866345442
14.17,19.6125021301
14.18,19.5386392046
14.19,19.4650448394
14.2,19.3917181089
14.21,19.3186580908
14.22,19.2458638655
14.23,19.1733345162
14.24,19.1010691291
14.25,19.0290667934
14.26,18.9573266009
14.27,18.8858476465
14.28,18.8146290278
14.29,18.7436698453
14.3,18.6729692023
14.31,18.6025262051
14.32,18.5323399626
14.33,18.4624095866
14.34,18.3927341919
14.35,18.3233128958
14.36,18.2541448185
14.37,18.1852290831
14.38,18.1165648154
14.39,18.048151144
14.4,17.9799872002
14.41,17.912072118
14.42,17.8444050344
14.43,17.776985089
14.44,17.7098114241
14.45,17.6428831847
14.46,17.5761995187
14.47,17.5097595766
14.48,17.4435625115
14.49,17.3776074794
14.5,17.3118936389
14.51,17.2464201513
14.52,17.1811861806
14.53,17.1161908934
14.54,17.051433459
14.55,16.9869130494
14.56,16.9226288393
14.57,16.8585800058
14.58,16.794765729
14.59,16.7311851913
14.6,16.6678375778
14.61,16.6047220764
14.62,16.5418378775
14.63,16.4791841739
14.64,16.4167601613
14.65,16.3545650379
14.66,16.2925980044
14.67,16.230858264
14.68,16.1693450227
14.69,16.1080574889
14.7,16.0469948736
14.71,15.9861563904
14.72,15.9255412552
14.73,15.8651486867
14.74,15.804977906
14.75,15.7450281368
14.76,15.6852986052
14.77,15.6257885399
14.78,15.566497172
14.79,15.5074237352
14.8,15.4485674655
14.81,15.3899276016
14.82,15.3315033846
14.83,15.2732940579
14.84,15.2152988676
14.85,15.157517062
14.86,15.0999478921
14.87,15.0425906112
14.88,14.9854444749
14.89,14.9285087415
14.9,14.8717826716
14.91,14.8152655279
14.92,14.7589565761
14.93,14.7028550838
14.94,14.6469603212
14.95,14.5912715608
14.96,14.5357880775
14.97,14.4805091486
14.98,14.4254340538
14.99,14.370562075
15,14.3158924967
15.01,14.2614246053
15.02,14.20715769
15.03,14.1530910421
15.04,14.0992239553
15.05,14.0455557256
15.06,13.9920856511
15.07,13.9388130325
15.08,13.8857371727
15.09,13.8328573769
15.1,13.7801729524
15.11,13.727683209
15.12,13.6753874587
15.13,13.6232850158
15.14,13.5713751966
15.15,13.5196573201
15.16,13.4681307071
15.17,13.416794681
15.18,13.3656485671
15.19,13.3146916932
15.2,13.2639233892
15.21,13.2133429871
15.22,13.1629498213
15.23,13.1127432282
15.24,13.0627225467
15.25,13.0128871176
15.26,12.9632362838
15.27,12.9137693908
15.28,12.8644857859
15.29,12.8153848186
15.3,12.7664658406
15.31,12.7177282059
15.32,12.6691712704
15.33,12.6207943923
15.34,12.5725969318
15.35,12.5245782513
15.36,12.4767377154
15.37,12.4290746906
15.38,12.3815885457
15.39,12.3342786515
15.4,12.2871443808
15.41,12.2401851087
15.42,12.1934002123
15.43,12.1467890707
15.44,12.100351065
15.45,12.0540855787
15.46,12.007991997
15.47,11.9620697072
15.48,11.9163180989
15.49,11.8707365634
15.5,11.8253244942
15.51,11.7800812869
15.52,11.735006339
15.53,11.69009905
15.54,11.6453588215
15.55,11.6007850571
15.56,11.5563771621
15.57,11.5121345443
15.58,11.4680566131
15.59,11.4241427801
15.6,11.3803924586
15.61,11.3368050641
15.62,11.293380014
15.63,11.2501167277
15.64,11.2070146264
15.65,11.1640731333
15.66,11.1212916737
15.67,11.0786696747
15.68,11.0362065652
15.69,10.9939017762
15.7,10.9517547406
15.71,10.9097648931
15.72,10.8679316705
15.73,10.8262545111
15.74,10.7847328556
15.75,10.7433661463
15.76,10.7021538273
15.77,10.6610953448
15.78,10.6201901467
15.79,10.5794376829
15.8,10.538837405
15.81,10.4983887665
15.82,10.4580912228
15.83,10.4179442312
15.84,10.3779472506
15.85,10.338099742
15.86,10.298401168
15.87,10.2588509932
15.88,10.2194486839
15.89,10.1801937082
15.9,10.1410855361
15.91,10.1021236392
15.92,10.0633074912
15.93,10.0246365673
15.94,9.98611034459
15.95,9.94772830194
15.96,9.90948991997
15.97,9.87139468109
15.98,9.83344206942
15.99,9.79563157087
16,9.7579626731
16.01,9.72043486547
16.02,9.68304763912
16.03,9.64580048691
16.04,9.6086929034
16.05,9.57172438491
16.06,9.53489442945
16.07,9.49820253673
16.08,9.4616482082
16.09,9.42523094698
16.1,9.38895025789
16.11,9.35280564743
16.12,9.31679662382
16.13,9.28092269692
16.14,9.24518337827
16.15,9.20957818109
16.16,9.17410662025
16.17,9.1387682123
16.18,9.10356247542
16.19,9.06848892943
16.2,9.03354709583
16.21,8.99873649771
16.22,8.96405665984
16.23,8.92950710858
16.24,8.89508737193
16.25,8.8607969795
16.26,8.82663546251
16.27,8.7926023538
16.28,8.7586971878
16.29,8.72491950054
16.3,8.69126882964
16.31,8.65774471431
16.32,8.62434669535
16.33,8.59107431512
16.34,8.55792711756
16.35,8.52490464818
16.36,8.49200645406
16.37,8.45923208382
16.38,8.42658108763
16.39,8.39405301724
16.4,8.36164742591
16.41,8.32936386845
16.42,8.29720190121
16.43,8.26516108205
16.44,8.23324097038
16.45,8.2014411271
16.46,8.16976111464
16.47,8.13820049694
16.48,8.10675883945
16.49,8.0754357091
16.5,8.04423067434
16.51,8.01314330508
16.52,7.98217317275
16.53,7.95131985023
16.54,7.92058291191
16.55,7.88996193361
16.56,7.85945649265
16.57,7.8290661678
16.58,7.79879053929
16.59,7.76862918881
16.6,7.73858169947
16.61,7.70864765587
16.62,7.678826644
16.63,7.64911825133
16.64,7.61952206673
16.65,7.59003768051
16.66,7.56066468438
16.67,7.5314026715
16.68,7.50225123642
16.69,7.47320997511
16.7,7.44427848492
16.71,7.41545636462
16.72,7.38674321437
16.73,7.35813863571
16.74,7.32964223159
16.75,7.30125360632
16.76,7.27297236558
16.77,7.24479811645
16.78,7.21673046734
16.79,7.18876902806
16.8,7.16091340976
16.81,7.13316322494
16.82,7.10551808746
16.83,7.07797761253
16.84,7.0505414167
16.85,7.02320911783
16.86,6.99598033516
16.87,6.96885468922
16.88,6.94183180189
16.89,6.91491129635
16.9,6.88809279711
16.91,6.86137592998
16.92,6.83476032208
16.93,6.80824560186
16.94,6.78183139903
16.95,6.75551734461
16.96,6.72930307091
16.97,6.70318821154
16.98,6.67717240137
16.99,6.65125527657
17,6.62543647457
17.01,6.59971563407
17.02,6.57409239503
17.03,6.5485663987
17.04,6.52313728755
17.05,6.49780470534
17.06,6.47256829705
17.07,6.44742770892
17.08,6.42238258843
17.09,6.39743258429
17.1,6.37257734646
17.11,6.34781652611
17.12,6.32314977564
17.13,6.29857674869
17.14,6.2740971001
17.15,6.24971048591
17.16,6.22541656341
17.17,6.20121499105
17.18,6.17710542851
17.19,6.15308753667
17.2,6.12916097758
17.21,6.10532541451
17.22,6.08158051189
17.23,6.05792593534
17.24,6.03436135167
17.25,6.01088642885
17.26,5.98750083603
17.27,5.96420424352
17.28,5.94099632279
17.29,5.91787674648
17.3,5.89484518839
17.31,5.87190132344
17.32,5.84904482774
17.33,5.82627537851
17.34,5.80359265413
17.35,5.78099633411
17.36,5.75848609909
17.37,5.73606163084
17.38,5.71372261226
17.39,5.69146872737
17.4,5.6692996613
17.41,5.64721510031
17.42,5.62521473175
17.43,5.6032982441
17.44,5.58146532693
17.45,5.55971567091
17.46,5.5380489678
17.47,5.51646491047
17.48,5.49496319286
17.49,5.47354351
17.5,5.45220555802
17.51,5.4309490341
17.52,5.40977363651
17.53,5.38867906459
17.54,5.36766501875
17.55,5.34673120045
17.56,5.32587731223
17.57,5.30510305767
17.58,5.2844081414
17.59,5.26379226913
17.6,5.24325514758
17.61,5.22279648454
17.62,5.20241598882
17.63,5.18211337027
17.64,5.16188833979
17.65,5.14174060928
17.66,5.12166989169
17.67,5.10167590098
17.68,5.08175835213
17.69,5.06191696114
17.7,5.04215144501
17.71,5.02246152177
17.72,5.00284691044
17.73,4.98330733104
17.74,4.9638425046
17.75,4.94445215313
17.76,4.92513599964
17.77,4.90589376813
17.78,4.88672518359
17.79,4.86762997199
17.8,4.84860786026
17.81,4.82965857633
17.82,4.81078184909
17.83,4.7919774084
17.84,4.77324498509
17.85,4.75458431095
17.86,4.73599511872
17.87,4.71747714211
17.88,4.69903011578
17.89,4.68065377534
17.9,4.66234785733
17.91,4.64411209926
17.92,4.62594623955
17.93,4.60785001759
17.94,4.58982317368
17.95,4.57186544905
17.96,4.55397658588
17.97,4.53615632725
17.98,4.51840441717
17.99,4.50072060058
18,4.4831046233
18.01,4.46555623211
18.02,4.44807517466
18.03,4.43066119952
18.04,4.41331405618
18.05,4.39603349499
18.06,4.37881926723
18.07,4.36167112506
18.08,4.34458882153
18.09,4.3275721106
18.1,4.31062074707
18.11,4.29373448666
18.12,4.27691308595
18.13,4.26015630241
18.14,4.24346389437
18.15,4.22683562104
18.16,4.21027124248
18.17,4.19377051962
18.18,4.17733321427
18.19,4.16095908907
18.2,4.14464790754
18.21,4.12839943403
18.22,4.11221343376
18.23,4.09608967278
18.24,4.08002791799
18.25,4.06402793713
18.26,4.04808949878
18.27,4.03221237234
18.28,4.01639632808
18.29,4.00064113705
18.3,3.98494657117
18.31,3.96931240315
18.32,3.95373840653
18.33,3.9382243557
18.34,3.92277002581
18.35,3.90737519287
18.36,3.89203963366
18.37,3.87676312581
18.38,3.86154544772
18.39,3.8463863786
18.4,3.83128569847
18.41,3.81624318813
18.42,3.80125862918
18.43,3.78633180402
18.44,3.77146249582
18.45,3.75665048854
18.46,3.74189556695
18.47,3.72719751655
18.48,3.71255612365
18.49,3.69797117534
18.5,3.68344245945
18.51,3.66896976462
18.52,3.65455288021
18.53,3.6401915964
18.54,3.62588570407
18.55,3.6116349949
18.56,3.59743926132
18.57,3.5832982965
18.58,3.56921189438
18.59,3.55517984962
18.6,3.54120195766
18.61,3.52727801465
18.62,3.51340781751
18.63,3.49959116388
18.64,3.48582785214
18.65,3.47211768139
18.66,3.45846045149
18.67,3.44485596301
18.68,3.43130401723
18.69,3.41780441619
18.7,3.40435696261
18.71,3.39096145997
18.72,3.37761771242
18.73,3.36432552486
18.74,3.35108470288
18.75,3.33789505279
18.76,3.32475638159
18.77,3.311668497
18.78,3.29863120743
18.79,3.285644322
18.8,3.27270765051
18.81,3.25982100347
18.82,3.24698419206
18.83,3.23419702816
18.84,3.22145932435
18.85,3.20877089388
18.86,3.19613155068
18.87,3.18354110935
18.88,3.17099938519
18.89,3.15850619417
18.9,3.14606135291
18.91,3.13366467873
18.92,3.12131598958
18.93,3.10901510413
18.94,3.09676184165
18.95,3.08455602212
18.96,3.07239746616
18.97,3.06028599503
18.98,3.04822143067
18.99,3.03620359566
19,3.02423231323
19.01,3.01230740725
19.02,3.00042870225
19.03,2.98859602338
19.04,2.97680919646
19.05,2.96506804793
19.06,2.95337240485
19.07,2.94172209495
19.08,2.93011694656
19.09,2.91855678866
19.1,2.90704145083
19.11,2.89557076332
19.12,2.88414455695
19.13,2.87276266321
19.14,2.86142491416
19.15,2.85013114251
19.16,2.83888118157
19.17,2.82767486527
19.18,2.81651202814
19.19,2.80539250533
19.2,2.79431613258
19.21,2.78328274624
19.22,2.77229218326
19.23,2.7613442812
19.24,2.75043887821
19.25,2.73957581301
19.26,2.72875492496
19.27,2.71797605397
19.28,2.70723904056
19.29,2.69654372584
19.3,2.68588995147
19.31,2.67527755974
19.32,2.6647063935
19.33,2.65417629615
19.34,2.64368711172
19.35,2.63323868478
19.36,2.62283086046
19.37,2.61246348451
19.38,2.60213640319
19.39,2.59184946337
19.4,2.58160251246
19.41,2.57139539844
19.42,2.56122796986
19.43,2.55110007581
19.44,2.54101156594
19.45,2.53096229047
19.46,2.52095210016
19.47,2.51098084632
19.48,2.5010483808
19.49,2.49115455603
19.5,2.48129922494
19.51,2.47148224104
19.52,2.46170345835
19.53,2.45196273146
19.54,2.44225991547
19.55,2.43259486604
19.56,2.42296743933
19.57,2.41337749207
19.58,2.40382488149
19.59,2.39430946536
19.6,2.38483110198
19.61,2.37538965016
19.62,2.36598496924
19.63,2.35661691909
19.64,2.34728536007
19.65,2.33799015309
19.66,2.32873115956
19.67,2.31950824139
19.68,2.31032126102
19.69,2.3011700814
19.7,2.29205456597
19.71,2.28297457869
19.72,2.27392998402
19.73,2.26492064692
19.74,2.25594643285
19.75,2.24700720777
19.76,2.23810283814
19.77,2.22923319091
19.78,2.22039813353
19.79,2.21159753393
19.8,2.20283126054
19.81,2.19409918228
19.82,2.18540116854
19.83,2.1767370892
19.84,2.16810681465
19.85,2.15951021571
19.86,2.15094716374
19.87,2.14241753052
19.88,2.13392118834
19.89,2.12545800996
19.9,2.1170278686
19.91,2.10863063797
19.92,2.10026619224
19.93,2.09193440603
19.94,2.08363515446
19.95,2.07536831308
19.96,2.06713375793
19.97,2.0589313655
19.98,2.05076101273
19.99,2.04262257703
20,2.03451593627
20.01,2.02644096876
20.02,2.01839755327
20.03,2.01038556903
20.04,2.00240489569
20.05,1.99445541339
20.06,1.98653700268
20.07,1.97864954457
20.08,1.97079292052
20.09,1.96296701242
20.1,1.95517170261
20.11,1.94740687384
20.12,1.93967240935
20.13,1.93196819276
20.14,1.92429410816
20.15,1.91665004005
20.16,1.90903587339
20.17,1.90145149352
20.18,1.89389678627
20.19,1.88637163783
20.2,1.87887593488
20.21,1.87140956447
20.22,1.86397241409
20.23,1.85656437166
20.24,1.84918532552
20.25,1.84183516439
20.26,1.83451377746
20.27,1.82722105429
20.28,1.81995688487
20.29,1.81272115961
20.3,1.8055137693
20.31,1.79833460518
20.32,1.79118355886
20.33,1.78406052237
20.34,1.77696538815
20.35,1.76989804902
20.36,1.76285839823
20.37,1.7558463294
20.38,1.74886173657
20.39,1.74190451418
20.4,1.73497455703
20.41,1.72807176036
20.42,1.72119601976
20.43,1.71434723124
20.44,1.70752529119
20.45,1.70073009639
20.46,1.693961544
20.47,1.68721953156
20.48,1.68050395701
20.49,1.67381471867
20.5,1.66715171523
20.51,1.66051484577
20.52,1.65390400974
20.53,1.64731910697
20.54,1.64076003767
20.55,1.63422670241
20.56,1.62771900215
20.57,1.62123683822
20.58,1.61478011231
20.59,1.60834872648
20.6,1.60194258316
20.61,1.59556158516
20.62,1.58920563562
20.63,1.58287463808
20.64,1.57656849643
20.65,1.5702871149
20.66,1.56403039812
20.67,1.55779825103
20.68,1.55159057898
20.69,1.54540728763
20.7,1.53924828302
20.71,1.53311347154
20.72,1.52700275991
20.73,1.52091605524
20.74,1.51485326495
20.75,1.50881429683
20.76,1.50279905902
20.77,1.49680745999
20.78,1.49083940855
20.79,1.48489481389
20.8,1.4789735855
20.81,1.47307563323
20.82,1.46720086726
20.83,1.46134919813
20.84,1.45552053668
20.85,1.44971479412
20.86,1.44393188197
20.87,1.43817171211
20.88,1.43243419672
20.89,1.42671924834
20.9,1.42102677981
20.91,1.41535670432
20.92,1.40970893538
20.93,1.40408338684
20.94,1.39847997284
20.95,1.39289860789
20.96,1.38733920677
20.97,1.38180168463
20.98,1.37628595691
20.99,1.37079193938
21,1.36531954813
21.01,1.35986869955
21.02,1.35443931037
21.03,1.34903129761
21.04,1.34364457862
21.05,1.33827907106
21.06,1.33293469289
21.07,1.32761136239
21.08,1.32230899815
21.09,1.31702751906
21.1,1.31176684431
21.11,1.30652689342
21.12,1.30130758619
21.13,1.29610884274
21.14,1.29093058347
21.15,1.2857727291
21.16,1.28063520064
21.17,1.27551791941
21.18,1.27042080702
21.19,1.26534378537
21.2,1.26028677666
21.21,1.2552497034
21.22,1.25023248836
21.23,1.24523505462
21.24,1.24025732557
21.25,1.23529922486
21.26,1.23036067644
21.27,1.22544160456
21.28,1.22054193373
21.29,1.21566158876
21.3,1.21080049476
21.31,1.2059585771
21.32,1.20113576144
21.33,1.19633197372
21.34,1.19154714018
21.35,1.18678118731
21.36,1.18203404189
21.37,1.17730563099
21.38,1.17259588193
21.39,1.16790472234
21.4,1.16323208009
21.41,1.15857788334
21.42,1.15394206053
21.43,1.14932454035
21.44,1.14472525179
21.45,1.14014412407
21.46,1.13558108672
21.47,1.13103606951
21.48,1.12650900248
21.49,1.12199981594
21.5,1.11750844048
21.51,1.11303480692
21.52,1.10857884637
21.53,1.10414049019
21.54,1.09971967
21.55,1.09531631768
21.56,1.09093036537
21.57,1.08656174548
21.58,1.08221039066
21.59,1.07787623382
21.6,1.07355920812
21.61,1.06925924699
21.62,1.0649762841
21.63,1.06071025337
21.64,1.05646108899
21.65,1.05222872537
21.66,1.04801309719
21.67,1.04381413938
21.68,1.03963178711
21.69,1.0354659758
21.7,1.03131664111
21.71,1.02718371896
21.72,1.02306714548
21.73,1.01896685709
21.74,1.01488279041
21.75,1.01081488233
21.76,1.00676306996
21.77,1.00272729067
21.78,0.99870748205
21.79,0.994703581935
21.8,0.990715528397
21.81,0.986743259743
21.82,0.982786714515
21.83,0.978845831491
21.84,0.97492054968
21.85,0.971010808323
21.86,0.967116546895
21.87,0.963237705101
21.88,0.959374222873
21.89,0.955526040375
21.9,0.951693098
21.91,0.947875336364
21.92,0.944072696313
21.93,0.940285118919
21.94,0.936512545475
21.95,0.932754917502
21.96,0.929012176743
21.97,0.925284265161
21.98,0.921571124943
21.99,0.917872698497
22,0.914188928448
22.01,0.910519757642
22.02,0.906865129144
22.03,0.903224986235
22.04,0.899599272412
22.05,0.89598793139
22.06,0.892390907096
22.07,0.888808143674
22.08,0.88523958548
22.09,0.881685177083
22.1,0.878144863263
22.11,0.874618589013
22.12,0.871106299533
22.13,0.867607940236
22.14,0.864123456741
22.15,0.860652794877
22.16,0.857195900678
22.17,0.853752720386
22.18,0.850323200447
22.19,0.846907287515
22.2,0.843504928444
22.21,0.840116070293
22.22,0.836740660326
22.23,0.833378646005
22.24,0.830029974994
22.25,0.82669459516
22.26,0.823372454565
22.27,0.820063501475
22.28,0.816767684349
22.29,0.813484951848
22.3,0.810215252825
22.31,0.806958536333
22.32,0.803714751617
22.33,0.800483848119
22.34,0.797265775473
22.35,0.794060483505
22.36,0.790867922237
22.37,0.787688041879
22.38,0.784520792834
22.39,0.781366125692
22.4,0.778223991237
22.41,0.775094340437
22.42,0.771977124452
22.43,0.768872294627
22.44,0.765779802493
22.45,0.762699599769
22.46,0.759631638358
22.47,0.756575870348
22.48,0.75353224801
22.49,0.750500723799
22.5,0.747481250352
22.51,0.744473780488
22.52,0.741478267206
22.53,0.738494663687
22.54,0.735522923292
22.55,0.732562999558
22.56,0.729614846205
22.57,0.726678417127
22.58,0.723753666396
22.59,0.720840548262
22.6,0.717939017148
22.61,0.715049027655
22.62,0.712170534556
22.63,0.709303492799
22.64,0.706447857505
22.65,0.703603583968
22.66,0.700770627652
22.67,0.697948944195
22.68,0.695138489403
22.69,0.692339219253
22.7,0.689551089891
22.71,0.686774057632
22.72,0.684008078959
22.73,0.681253110523
22.74,0.678509109139
22.75,0.675776031792
22.76,0.673053835629
22.77,0.670342477965
22.78,0.667641916277
22.79,0.664952108206
22.8,0.662273011558
22.81,0.659604584298
22.82,0.656946784556
22.83,0.654299570621
22.84,0.651662900944
22.85,0.649036734136
22.86,0.646421028966
22.87,0.643815744364
22.88,0.641220839416
22.89,0.638636273366
22.9,0.636062005617
22.91,0.633497995726
22.92,0.630944203407
22.93,0.62840058853
22.94,0.625867111118
22.95,0.623343731348
22.96,0.620830409554
22.97,0.618327106218
22.98,0.615833781977
22.99,0.613350397621
23,0.610876914088
23.01,0.60841329247
23.02,0.605959494006
23.03,0.603515480087
23.04,0.601081212252
23.05,0.598656652188
23.06,0.596241761729
23.07,0.59383650286
23.08,0.591440837708
23.09,0.58905472855
23.1,0.586678137806
23.11,0.584311028042
23.12,0.58195336197
23.13,0.579605102443
23.14,0.577266212459
23.15,0.574936655161
23.16,0.57261639383
23.17,0.570305391893
23.18,0.568003612915
23.19,0.565711020604
23.2,0.563427578807
23.21,0.561153251512
23.22,0.558888002845
23.23,0.55663179707
23.24,0.554384598592
23.25,0.552146371949
23.26,0.549917081822
23.27,0.547696693023
23.28,0.545485170504
23.29,0.54328247935
23.3,0.541088584782
23.31,0.538903452156
23.32,0.536727046961
23.33,0.534559334821
23.34,0.532400281491
23.35,0.53024985286
23.36,0.528108014949
23.37,0.52597473391
23.38,0.523849976025
23.39,0.521733707709
23.4,0.519625895505
23.41,0.517526506085
23.42,0.515435506253
23.43,0.513352862939
23.44,0.511278543201
23.45,0.509212514227
23.46,0.507154743329
23.47,0.505105197947
23.48,0.503063845648
23.49,0.501030654123
23.5,0.49900559119
23.51,0.496988624791
23.52,0.49497972299
23.53,0.492978853979
23.54,0.490985986069
23.55,0.489001087697
23.56,0.487024127422
23.57,0.485055073922
23.58,0.483093896
23.59,0.481140562579
23.6,0.479195042701
23.61,0.477257305529
23.62,0.475327320346
23.63,0.473405056555
23.64,0.471490483676
23.65,0.469583571347
23.66,0.467684289325
23.67,0.465792607484
23.68,0.463908495816
23.69,0.462031924428
23.7,0.460162863542
23.71,0.458301283498
23.72,0.456447154751
23.73,0.454600447869
23.74,0.452761133535
23.75,0.450929182547
23.76,0.449104565814
23.77,0.447287254361
23.78,0.445477219322
23.79,0.443674431947
23.8,0.441878863595
23.81,0.440090485737
23.82,0.438309269954
23.83,0.436535187941
23.84,0.434768211497
23.85,0.433008312537
23.86,0.43125546308
23.87,0.429509635256
23.88,0.427770801305
23.89,0.426038933572
23.9,0.42431400451
23.91,0.422595986681
23.92,0.420884852752
23.93,0.419180575497
23.94,0.417483127795
23.95,0.415792482633
23.96,0.414108613099
23.97,0.41243149239
23.98,0.410761093804
23.99,0.409097390745
24,0.407440356719
24.01,0.405789965337
24.02,0.404146190311
24.03,0.402509005455
24.04,0.400878384687
24.05,0.399254302024
24.06,0.397636731587
24.07,0.396025647596
24.08,0.394421024371
24.09,0.392822836333
24.1,0.391231058003
24.11,0.389645663999
24.12,0.388066629041
24.13,0.386493927946
24.14,0.384927535628
24.15,0.3833674271
24.16,0.381813577472
24.17,0.380265961952
24.18,0.378724555844
24.19,0.377189334547
24.2,0.375660273557
24.21,0.374137348466
24.22,0.372620534961
24.23,0.371109808823
24.24,0.369605145928
24.25,0.368106522245
24.26,0.36661391384
24.27,0.365127296867
24.28,0.363646647579
24.29,0.362171942317
24.3,0.360703157516
24.31,0.359240269704
24.32,0.357783255498
24.33,0.356332091609
24.34,0.354886754838
24.35,0.353447222074
24.36,0.352013470301
24.37,0.350585476589
24.38,0.349163218099
24.39,0.347746672081
24.4,0.346335815873
24.41,0.344930626903
24.42,0.343531082687
24.43,0.342137160827
24.44,0.340748839015
24.45,0.339366095028
24.46,0.33798890673
24.47,0.336617252073
24.48,0.335251109095
24.49,0.333890455917
24.5,0.33253527075
24.51,0.331185531886
24.52,0.329841217704
24.53,0.328502306667
24.54,0.327168777323
24.55,0.325840608303
24.56,0.324517778321
24.57,0.323200266175
24.58,0.321888050745
24.59,0.320581110997
24.6,0.319279425974
24.61,0.317982974805
24.62,0.316691736698
24.63,0.315405690945
24.64,0.314124816917
24.65,0.312849094067
24.66,0.311578501926
24.67,0.310313020108
24.68,0.309052628305
24.69,0.30779730629
24.7,0.306547033913
24.71,0.305301791104
24.72,0.304061557873
24.73,0.302826314305
24.74,0.301596040567
24.75,0.3003707169
24.76,0.299150323624
24.77,0.297934841136
24.78,0.29672424991
24.79,0.295518530496
24.8,0.294317663521
24.81,0.293121629686
24.82,0.29193040977
24.83,0.290743984625
24.84,0.28956233518
24.85,0.288385442437
24.86,0.287213287475
24.87,0.286045851444
24.88,0.28488311557
24.89,0.283725061152
24.9,0.282571669562
24.91,0.281422922245
24.92,0.28027880072
24.93,0.279139286577
24.94,0.278004361478
24.95,0.276874007158
24.96,0.275748205424
24.97,0.274626938152
24.98,0.273510187293
24.99,0.272397934864
25,0.271290162956
25.01,0.270186853729
25.02,0.269087989414
25.03,0.267993552311
25.04,0.266903524788
25.05,0.265817889285
25.06,0.264736628308
25.07,0.263659724435
25.08,0.26258716031
25.09,0.261518918645
25.1,0.260454982221
25.11,0.259395333886
25.12,0.258339956556
25.13,0.257288833213
25.14,0.256241946907
25.15,0.255199280753
25.16,0.254160817934
25.17,0.253126541699
25.18,0.252096435361
25.19,0.251070482301
25.2,0.250048665963
25.21,0.249030969856
25.22,0.248017377557
25.23,0.247007872705
25.24,0.246002439002
25.25,0.245001060217
25.26,0.244003720182
25.27,0.243010402791
25.28,0.242021092003
25.29,0.241035771839
25.3,0.240054426383
25.31,0.239077039783
25.32,0.238103596247
25.33,0.237134080047
25.34,0.236168475515
25.35,0.235206767048
25.36,0.2342489391
25.37,0.233294976188
25.38,0.232344862892
25.39,0.23139858385
25.4,0.230456123761
25.41,0.229517467385
25.42,0.228582599541
25.43,0.227651505108
25.44,0.226724169025
25.45,0.22580057629
25.46,0.22488071196
25.47,0.22396456115
25.48,0.223052109036
25.49,0.22214334085
25.5,0.221238241882
25.51,0.220336797483
25.52,0.219438993057
25.53,0.21854481407
25.54,0.217654246042
25.55,0.216767274552
25.56,0.215883885235
25.57,0.215004063783
25.58,0.214127795943
25.59,0.213255067519
25.6,0.212385864373
25.61,0.211520172419
25.62,0.210657977629
25.63,0.209799266029
25.64,0.208944023702
25.65,0.208092236784
25.66,0.207243891465
25.67,0.206398973992
25.68,0.205557470664
25.69,0.204719367836
25.7,0.203884651914
25.71,0.20305330936
25.72,0.202225326689
25.73,0.201400690469
25.74,0.200579387319
25.75,0.199761403914
25.76,0.19894672698
25.77,0.198135343296
25.78,0.197327239691
25.79,0.196522403048
25.8,0.195720820303
25.81,0.19492247844
25.82,0.194127364497
25.83,0.193335465562
25.84,0.192546768775
25.85,0.191761261326
25.86,0.190978930454
25.87,0.190199763453
25.88,0.189423747661
25.89,0.188650870472
25.9,0.187881119325
25.91,0.187114481711
25.92,0.18635094517
25.93,0.185590497291
25.94,0.184833125713
25.95,0.184078818122
25.96,0.183327562254
25.97,0.182579345893
25.98,0.18183415687
25.99,0.181091983068
26,0.180352812413
26.01,0.179616632882
26.02,0.178883432498
26.03,0.178153199332
26.04,0.177425921502
26.05,0.176701587173
26.06,0.175980184556
26.07,0.175261701909
26.08,0.174546127538
26.09,0.173833449792
26.1,0.17312365707
26.11,0.172416737814
26.12,0.171712680512
26.13,0.171011473698
26.14,0.170313105952
26.15,0.169617565898
26.16,0.168924842206
26.17,0.16823492359
26.18,0.16754779881
26.19,0.166863456667
26.2,0.166181886011
26.21,0.165503075733
26.22,0.164827014769
26.23,0.164153692099
26.24,0.163483096744
26.25,0.162815217774
26.26,0.162150044296
26.27,0.161487565464
26.28,0.160827770475
26.29,0.160170648566
26.3,0.15951618902
26.31,0.158864381159
26.32,0.158215214349
26.33,0.157568678
26.34,0.15692476156
26.35,0.156283454522
26.36,0.155644746419
26.37,0.155008626826
26.38,0.15437508536
26.39,0.153744111676
26.4,0.153115695474
26.41,0.152489826493
26.42,0.151866494512
26.43,0.151245689352
26.44,0.150627400873
26.45,0.150011618976
26.46,0.149398333601
26.47,0.14878753473
26.48,0.148179212382
26.49,0.147573356618
26.5,0.146969957536
26.51,0.146369005275
26.52,0.145770490013
26.53,0.145174401966
26.54,0.144580731389
26.55,0.143989468577
26.56,0.143400603862
26.57,0.142814127615
26.58,0.142230030244
26.59,0.141648302197
26.6,0.141068933958
26.61,0.140491916051
26.62,0.139917239035
26.63,0.139344893508
26.64,0.138774870105
26.65,0.138207159498
26.66,0.137641752396
26.67,0.137078639546
26.68,0.136517811729
26.69,0.135959259766
26.7,0.135402974512
26.71,0.134848946858
26.72,0.134297167734
26.73,0.133747628103
26.74,0.133200318965
26.75,0.132655231357
26.76,0.132112356349
26.77,0.131571685048
26.78,0.131033208597
26.79,0.130496918172
26.8,0.129962804986
26.81,0.129430860287
26.82,0.128901075355
26.83,0.128373441509
26.84,0.127847950098
26.85,0.127324592509
26.86,0.126803360161
26.87,0.126284244508
26.88,0.125767237037
26.89,0.12525232927
26.9,0.124739512763
26.91,0.124228779103
26.92,0.123720119914
26.93,0.123213526851
26.94,0.122708991602
26.95,0.122206505889
26.96,0.121706061467
26.97,0.121207650123
26.98,0.120711263678
26.99,0.120216893983
27,0.119724532924
27.01,0.119234172417
27.02,0.118745804413
27.03,0.118259420893
27.04,0.117775013869
27.05,0.117292575387
27.06,0.116812097524
27.07,0.116333572387
27.08,0.115856992117
27.09,0.115382348884
27.1,0.114909634889
27.11,0.114438842367
27.12,0.113969963581
27.13,0.113502990825
27.14,0.113037916426
27.15,0.112574732738
27.16,0.112113432149
27.17,0.111654007074
27.18,0.111196449961
27.19,0.110740753286
27.2,0.110286909556
27.21,0.109834911309
27.22,0.109384751109
27.23,0.108936421554
27.24,0.108489915268
27.25,0.108045224907
27.26,0.107602343153
27.27,0.107161262722
27.28,0.106721976354
27.29,0.106284476821
27.3,0.105848756922
27.31,0.105414809487
27.32,0.104982627372
27.33,0.104552203463
27.34,0.104123530673
27.35,0.103696601946
27.36,0.103271410251
27.37,0.102847948586
27.38,0.102426209979
27.39,0.102006187481
27.4,0.101587874177
27.41,0.101171263173
27.42,0.100756347608
27.43,0.100343120646
27.44,0.0999315754764
27.45,0.0995217053192
27.46,0.0991135034195
27.47,0.0987069630497
27.48,0.098302077509
27.49,0.0978988401233
27.5,0.0974972442453
27.51,0.0970972832539
27.52,0.0966989505546
27.53,0.0963022395792
27.54,0.0959071437857
27.55,0.095513656658
27.56,0.0951217717063
27.57,0.0947314824666
27.58,0.0943427825004
27.59,0.0939556653952
27.6,0.093570124764
27.61,0.0931861542454
27.62,0.092803747503
27.63,0.0924228982262
27.64,0.0920436001291
27.65,0.0916658469513
27.66,0.0912896324571
27.67,0.0909149504359
27.68,0.0905417947016
27.69,0.0901701590931
27.7,0.0898000374737
27.71,0.0894314237313
27.72,0.0890643117781
27.73,0.0886986955508
27.74,0.0883345690101
27.75,0.0879719261409
27.76,0.0876107609521
27.77,0.0872510674766
27.78,0.0868928397711
27.79,0.0865360719159
27.8,0.0861807580151
27.81,0.0858268921964
27.82,0.0854744686107
27.83,0.0851234814326
27.84,0.0847739248597
27.85,0.0844257931129
27.86,0.0840790804362
27.87,0.0837337810966
27.88,0.0833898893839
27.89,0.0830473996109
27.9,0.0827063061129
27.91,0.0823666032481
27.92,0.0820282853971
27.93,0.081691346963
27.94,0.0813557823712
27.95,0.0810215860694
27.96,0.0806887525277
27.97,0.0803572762379
27.98,0.0800271517143
27.99,0.0796983734928
28,0.0793709361312
28.01,0.0790448342092
28.02,0.078720062328
28.03,0.0783966151105
28.04,0.0780744872012
28.05,0.0777536732658
28.06,0.0774341679914
28.07,0.0771159660864
28.08,0.0767990622804
28.09,0.0764834513241
28.1,0.076169127989
28.11,0.0758560870678
28.12,0.0755443233739
28.13,0.0752338317413
28.14,0.0749246070249
28.15,0.0746166441002
28.16,0.074309937863
28.17,0.0740044832298
28.18,0.0737002751371
28.19,0.073397308542
28.2,0.0730955784215
28.21,0.0727950797731
28.22,0.0724958076139
28.23,0.0721977569812
28.24,0.071900922932
28.25,0.0716053005433
28.26,0.0713108849117
28.27,0.0710176711535
28.28,0.0707256544043
28.29,0.0704348298195
28.3,0.0701451925738
28.31,0.0698567378612
28.32,0.0695694608948
28.33,0.0692833569073
28.34,0.06899842115
28.35,0.0687146488936
28.36,0.0684320354275
28.37,0.0681505760601
28.38,0.0678702661186
28.39,0.0675911009488
28.4,0.0673130759154
28.41,0.0670361864013
28.42,0.0667604278083
28.43,0.0664857955564
28.44,0.066212285084
28.45,0.0659398918477
28.46,0.0656686113225
28.47,0.0653984390014
28.48,0.0651293703954
28.49,0.0648614010338
28.5,0.0645945264635
28.51,0.0643287422494
28.52,0.0640640439742
28.53,0.0638004272382
28.54,0.0635378876594
28.55,0.0632764208735
28.56,0.0630160225335
28.57,0.0627566883099
28.58,0.0624984138907
28.59,0.0622411949809
28.6,0.0619850273031
28.61,0.0617299065968
28.62,0.0614758286186
28.63,0.0612227891423
28.64,0.0609707839585
28.65,0.0607198088746
28.66,0.0604698597151
28.67,0.0602209323211
28.68,0.0599730225504
28.69,0.0597261262773
28.7,0.0594802393929
28.71,0.0592353578046
28.72,0.0589914774363
28.73,0.0587485942282
28.74,0.058506704137
28.75,0.0582658031354
28.76,0.0580258872123
28.77,0.0577869523728
28.78,0.057548994638
28.79,0.0573120100449
28.8,0.0570759946465
28.81,0.0568409445117
28.82,0.0566068557251
28.83,0.0563737243869
28.84,0.0561415466133
28.85,0.0559103185357
28.86,0.0556800363013
28.87,0.0554506960728
28.88,0.0552222940282
28.89,0.0549948263607
28.9,0.0547682892792
28.91,0.0545426790075
28.92,0.0543179917846
28.93,0.0540942238648
28.94,0.0538713715173
28.95,0.0536494310262
28.96,0.0534283986909
28.97,0.0532082708252
28.98,0.0529890437581
28.99,0.0527707138331
29,0.0525532774085
29.01,0.0523367308572
29.02,0.0521210705668
29.03,0.0519062929393
29.04,0.0516923943912
29.05,0.0514793713534
29.06,0.0512672202711
29.07,0.0510559376038
29.08,0.0508455198254
29.09,0.0506359634238
29.1,0.0504272649011
29.11,0.0502194207734
29.12,0.0500124275709
29.13,0.0498062818377
29.14,0.0496009801318
29.15,0.0493965190251
29.16,0.0491928951031
29.17,0.0489901049654
29.18,0.0487881452248
29.19,0.0485870125082
29.2,0.0483867034558
29.21,0.0481872147213
29.22,0.047988542972
29.23,0.0477906848885
29.24,0.0475936371649
29.25,0.0473973965084
29.26,0.0472019596396
29.27,0.0470073232922
29.28,0.0468134842132
29.29,0.0466204391626
29.3,0.0464281849133
29.31,0.0462367182514
29.32,0.0460460359759
29.33,0.0458561348986
29.34,0.0456670118442
29.35,0.0454786636502
29.36,0.0452910871667
29.37,0.0451042792567
29.38,0.0449182367956
29.39,0.0447329566716
29.4,0.0445484357853
29.41,0.0443646710498
29.42,0.0441816593906
29.43,0.0439993977457
29.44,0.0438178830653
29.45,0.0436371123119
29.46,0.0434570824604
29.47,0.0432777904977
29.48,0.0430992334229
29.49,0.0429214082471
29.5,0.0427443119937
29.51,0.0425679416979
29.52,0.0423922944067
29.53,0.0422173671794
29.54,0.0420431570867
29.55,0.0418696612115
29.56,0.0416968766482
29.57,0.041524800503
29.58,0.0413534298938
29.59,0.04118276195
29.6,0.0410127938126
29.61,0.0408435226343
29.62,0.0406749455791
29.63,0.0405070598224
29.64,0.0403398625512
29.65,0.0401733509635
29.66,0.040007522269
29.67,0.0398423736883
29.68,0.0396779024535
29.69,0.0395141058077
29.7,0.039350981005
29.71,0.0391885253108
29.72,0.0390267360015
29.73,0.0388656103643
29.74,0.0387051456976
29.75,0.0385453393105
29.76,0.038386188523
29.77,0.0382276906659
29.78,0.0380698430809
29.79,0.0379126431202
29.8,0.0377560881469
29.81,0.0376001755346
29.82,0.0374449026676
29.83,0.0372902669406
29.84,0.0371362657589
29.85,0.0369828965384
29.86,0.0368301567052
29.87,0.0366780436959
29.88,0.0365265549575
29.89,0.0363756879472
29.9,0.0362254401325
29.91,0.0360758089911
29.92,0.035926792011
29.93,0.0357783866902
29.94,0.0356305905368
29.95,0.0354834010691
29.96,0.0353368158153
29.97,0.0351908323135
29.98,0.0350454481121
29.99,0.0349006607689
30,0.0347564678519
